user_id,user_nm,passwd,email,phone_no,join_date
1234test,dlwlsdnj,$2a$10$P8QsehWBEL/erSTR/cEaH.QJmUbLZoS20YnmXCI8s0tx7khnUFJSu,1234test@mail.com,01011112222,"2014-10-28 15:12:00"
ajm,안지만,$2a$10$g0sDQa3gXMcCcOiOjsFYZOiV3c/8VJeuxAB3MTDhHMv.MPZ//gcZW,NULL,NULL,"2014-10-27 21:03:05"
bjh,백정현,$2a$10$g0sDQa3gXMcCcOiOjsFYZOiV3c/8VJeuxAB3MTDhHMv.MPZ//gcZW,NULL,NULL,"2014-10-27 21:03:05"
bys,배영수,$2a$10$g0sDQa3gXMcCcOiOjsFYZOiV3c/8VJeuxAB3MTDhHMv.MPZ//gcZW,NULL,NULL,"2014-10-27 21:03:05"
cwc,차우찬,$2a$10$g0sDQa3gXMcCcOiOjsFYZOiV3c/8VJeuxAB3MTDhHMv.MPZ//gcZW,NULL,NULL,"2014-10-27 21:03:05"
cwj,최원제,$2a$10$g0sDQa3gXMcCcOiOjsFYZOiV3c/8VJeuxAB3MTDhHMv.MPZ//gcZW,NULL,NULL,"2014-10-27 21:03:05"
dyj,두영진,$2a$10$g0sDQa3gXMcCcOiOjsFYZOiV3c/8VJeuxAB3MTDhHMv.MPZ//gcZW,NULL,NULL,"2014-10-27 21:03:05"
hhy,홍효의,$2a$10$g0sDQa3gXMcCcOiOjsFYZOiV3c/8VJeuxAB3MTDhHMv.MPZ//gcZW,NULL,NULL,"2014-10-27 21:03:05"
jhk,조현근,$2a$10$g0sDQa3gXMcCcOiOjsFYZOiV3c/8VJeuxAB3MTDhHMv.MPZ//gcZW,NULL,NULL,"2014-10-27 21:03:05"
jhw,김현우,$2a$10$g0sDQa3gXMcCcOiOjsFYZOiV3c/8VJeuxAB3MTDhHMv.MPZ//gcZW,NULL,NULL,"2014-10-27 21:03:05"
jwlee0208,Paul,$2a$10$g0sDQa3gXMcCcOiOjsFYZOiV3c/8VJeuxAB3MTDhHMv.MPZ//gcZW,jwlee0208@gmail.com,01027968510,"2014-10-27 17:03:29"
kh,권혁,$2a$10$g0sDQa3gXMcCcOiOjsFYZOiV3c/8VJeuxAB3MTDhHMv.MPZ//gcZW,NULL,NULL,"2014-10-27 21:03:05"
khk,김희걸,$2a$10$g0sDQa3gXMcCcOiOjsFYZOiV3c/8VJeuxAB3MTDhHMv.MPZ//gcZW,NULL,NULL,"2014-10-27 21:03:05"
kkp,김건필,$2a$10$g0sDQa3gXMcCcOiOjsFYZOiV3c/8VJeuxAB3MTDhHMv.MPZ//gcZW,NULL,NULL,"2014-10-27 21:03:05"
kkt,김기태,$2a$10$g0sDQa3gXMcCcOiOjsFYZOiV3c/8VJeuxAB3MTDhHMv.MPZ//gcZW,NULL,NULL,"2014-10-27 21:03:05"
koj,권오준,$2a$10$g0sDQa3gXMcCcOiOjsFYZOiV3c/8VJeuxAB3MTDhHMv.MPZ//gcZW,NULL,NULL,"2014-10-27 21:02:54"
ldg,이동걸,$2a$10$g0sDQa3gXMcCcOiOjsFYZOiV3c/8VJeuxAB3MTDhHMv.MPZ//gcZW,NULL,NULL,"2014-10-27 21:03:05"
lhd,이현동,$2a$10$g0sDQa3gXMcCcOiOjsFYZOiV3c/8VJeuxAB3MTDhHMv.MPZ//gcZW,NULL,NULL,"2014-10-27 21:03:05"
lsw,이승우,$2a$10$g0sDQa3gXMcCcOiOjsFYZOiV3c/8VJeuxAB3MTDhHMv.MPZ//gcZW,NULL,NULL,"2014-10-27 21:03:05"
lws,이우선,$2a$10$g0sDQa3gXMcCcOiOjsFYZOiV3c/8VJeuxAB3MTDhHMv.MPZ//gcZW,NULL,NULL,"2014-10-27 21:03:05"
njy,노진용,$2a$10$g0sDQa3gXMcCcOiOjsFYZOiV3c/8VJeuxAB3MTDhHMv.MPZ//gcZW,NULL,NULL,"2014-10-27 21:03:05"
osh,오승환,$2a$10$g0sDQa3gXMcCcOiOjsFYZOiV3c/8VJeuxAB3MTDhHMv.MPZ//gcZW,NULL,NULL,"2014-10-27 21:03:05"
pkh,박근홍,$2a$10$g0sDQa3gXMcCcOiOjsFYZOiV3c/8VJeuxAB3MTDhHMv.MPZ//gcZW,NULL,NULL,"2014-10-27 21:03:05"
rod,로드리게스,$2a$10$g0sDQa3gXMcCcOiOjsFYZOiV3c/8VJeuxAB3MTDhHMv.MPZ//gcZW,NULL,NULL,"2014-10-27 21:03:05"
scm,심창민,$2a$10$g0sDQa3gXMcCcOiOjsFYZOiV3c/8VJeuxAB3MTDhHMv.MPZ//gcZW,NULL,NULL,"2014-10-27 21:03:05"
syw,신용운,$2a$10$g0sDQa3gXMcCcOiOjsFYZOiV3c/8VJeuxAB3MTDhHMv.MPZ//gcZW,NULL,NULL,"2014-10-27 21:03:05"
vdhk,밴덴헐크,$2a$10$g0sDQa3gXMcCcOiOjsFYZOiV3c/8VJeuxAB3MTDhHMv.MPZ//gcZW,NULL,NULL,"2014-10-27 21:03:05"
yjh,양지훈,$2a$10$g0sDQa3gXMcCcOiOjsFYZOiV3c/8VJeuxAB3MTDhHMv.MPZ//gcZW,NULL,NULL,"2014-10-27 21:03:05"
ysh,윤성환,$2a$10$g0sDQa3gXMcCcOiOjsFYZOiV3c/8VJeuxAB3MTDhHMv.MPZ//gcZW,NULL,NULL,"2014-10-27 21:03:05"
